 {"Clear": 0.27775126071347045,
  "Clouds": 0.3145661692987735,
  "Drizzle": 0.03776952290036732,
  "Fog": 0.018926266420403844,
  "Haze": 0.02822337974972503,
  "Mist": 0.12345653391993691,
  "Rain": 0.11770809554444145,
  "Smoke": 0.0004150497022018387,
  "Snow": 0.059663394691514306,
  "Squall": 8.300994044036773e-05,
  "Thunderstorm": 0.021437317118724968}